event,probability
lead,0.47172619047619047
emerge,0.08779761904761904
plan,0.19940476190476192
carry,0.17857142857142858
allege,0.10416666666666667
connect,0.017857142857142856
believe,0.19940476190476192
approve,0.12202380952380952
challenge,0.05357142857142857
implement,0.044642857142857144
recommend,0.047619047619047616
shift,0.02976190476190476
abandon,0.06994047619047619
condemn,0.14285714285714285
allow,0.20684523809523808
devalue,0.005952380952380952
win,0.15178571428571427
suffer,0.10714285714285714
undergo,0.025297619047619048
inaugurate,0.020833333333333332
control,0.07291666666666667
sponsor,0.025297619047619048
create,0.20982142857142858
move,0.21875
tighten,0.013392857142857142
benefit,0.03273809523809524
increase,0.12202380952380952
use,0.23511904761904762
make,0.4166666666666667
reach,0.1488095238095238
evidence,0.005952380952380952
demand,0.17113095238095238
comment,0.052083333333333336
pour,0.010416666666666666
distort,0.005952380952380952
stop,0.08035714285714286
hear,0.09375
act,0.11904761904761904
centralize,0.002976190476190476
stand,0.08482142857142858
advance,0.047619047619047616
find,0.22321428571428573
collaborate,0.00744047619047619
supply,0.019345238095238096
fault,0.001488095238095238
shoot,0.11904761904761904
kill,0.28869047619047616
reorganize,0.01488095238095238
dismiss,0.15476190476190477
disarm,0.013392857142857142
give,0.38244047619047616
remove,0.19196428571428573
bring,0.22023809523809523
aspire,0.005952380952380952
compile,0.010416666666666666
have,0.34077380952380953
identify,0.05357142857142857
lose,0.18601190476190477
come,0.2976190476190476
fire,0.08779761904761904
replace,0.20684523809523808
claim,0.25744047619047616
represent,0.06398809523809523
face,0.13839285714285715
begin,0.3794642857142857
accuse,0.22470238095238096
accord,0.19791666666666666
divide,0.049107142857142856
felt,0.09821428571428571
receive,0.31101190476190477
form,0.25148809523809523
grow,0.12053571428571429
attend,0.15922619047619047
perceive,0.028273809523809524
saw,0.15773809523809523
object,0.046130952380952384
please,0.00744047619047619
write,0.21279761904761904
become,0.49404761904761907
throw,0.043154761904761904
reduce,0.07738095238095238
spurn,0.001488095238095238
compare,0.03422619047619048
handle,0.008928571428571428
meet,0.23214285714285715
reject,0.15476190476190477
encourage,0.09077380952380952
maintain,0.11904761904761904
hatch,0.00744047619047619
able,0.11011904761904762
take,0.5520833333333334
propose,0.12053571428571429
quash,0.00744047619047619
rise,0.08928571428571429
occur,0.17559523809523808
motivate,0.022321428571428572
suggest,0.15029761904761904
discuss,0.08779761904761904
involve,0.15178571428571427
secure,0.0625
detect,0.004464285714285714
participate,0.13095238095238096
ask,0.23065476190476192
indicate,0.08482142857142858
criticize,0.10863095238095238
request,0.10714285714285714
turn,0.14732142857142858
agree,0.17708333333333334
reluctant,0.008928571428571428
foresee,0.013392857142857142
submit,0.0744047619047619
appraise,0.005952380952380952
fear,0.09821428571428571
seem,0.05803571428571429
deteriorate,0.04017857142857143
resist,0.05357142857142857
reassert,0.004464285714285714
leave,0.2916666666666667
travel,0.10267857142857142
promise,0.12202380952380952
station,0.049107142857142856
order,0.2916666666666667
mobilize,0.028273809523809524
refuse,0.25595238095238093
capture,0.12053571428571429
break,0.16964285714285715
inform,0.125
dissolve,0.13392857142857142
disband,0.046130952380952384
proceed,0.05803571428571429
continue,0.29017857142857145
threaten,0.12648809523809523
advise,0.06994047619047619
do,0.14285714285714285
appear,0.15327380952380953
wound,0.08928571428571429
quoth,0.001488095238095238
lack,0.020833333333333332
decide,0.2261904761904762
go,0.28720238095238093
determine,0.041666666666666664
prefer,0.02976190476190476
select,0.043154761904761904
exclude,0.03273809523809524
display,0.03273809523809524
manifest,0.010416666666666666
play,0.12351190476190477
share,0.03720238095238095
rely,0.03273809523809524
issue,0.21279761904761904
suspend,0.1488095238095238
name,0.16815476190476192
decree,0.026785714285714284
ban,0.11011904761904762
establish,0.23958333333333334
confiscate,0.023809523809523808
introduce,0.08928571428571429
free,0.052083333333333336
re,0.010416666666666666
remain,0.33482142857142855
gain,0.12946428571428573
appoint,0.36904761904761907
authorize,0.03422619047619048
dissociate,0.002976190476190476
help,0.11904761904761904
hold,0.34523809523809523
orchestrate,0.041666666666666664
accomplish,0.01488095238095238
celebrate,0.03571428571428571
renounce,0.010416666666666666
follow,0.21875
release,0.25
qualify,0.005952380952380952
sustain,0.023809523809523808
cease,0.044642857142857144
eject,0.005952380952380952
withdraw,0.10714285714285714
reward,0.008928571428571428
design,0.022321428571428572
restore,0.0625
arrive,0.1636904761904762
exempt,0.00744047619047619
entitle,0.002976190476190476
double,0.013392857142857142
borrow,0.005952380952380952
upgrade,0.008928571428571428
promote,0.15029761904761904
offer,0.13988095238095238
wear,0.03720238095238095
attempt,0.2425595238095238
succeed,0.13839285714285715
die,0.34523809523809523
escape,0.11160714285714286
jump,0.008928571428571428
lay,0.06845238095238096
jail,0.05357142857142857
decommission,0.004464285714285714
reappointed,0.005952380952380952
assign,0.06398809523809523
consolidate,0.026785714285714284
constitute,0.022321428571428572
designate,0.03720238095238095
oppose,0.16964285714285715
destooled,0.001488095238095238
grant,0.10863095238095238
integrate,0.008928571428571428
change,0.12648809523809523
intimidate,0.008928571428571428
undermine,0.043154761904761904
publish,0.17113095238095238
start,0.2113095238095238
bar,0.028273809523809524
restrict,0.03571428571428571
empower,0.019345238095238096
cut,0.08630952380952381
limit,0.046130952380952384
expect,0.09375
predate,0.001488095238095238
enjoy,0.05654761904761905
decrease,0.020833333333333332
cancel,0.05803571428571429
intend,0.10119047619047619
fall,0.047619047619047616
privatize,0.001488095238095238
purchase,0.023809523809523808
rust,0.002976190476190476
ground,0.002976190476190476
import,0.005952380952380952
obtain,0.0625
fell,0.0818452380952381
generate,0.03125
fade,0.005952380952380952
distrust,0.011904761904761904
occupy,0.07738095238095238
listen,0.011904761904761904
articulate,0.00744047619047619
place,0.17559523809523808
address,0.07291666666666667
expand,0.047619047619047616
launch,0.1875
legitimize,0.002976190476190476
deploy,0.049107142857142856
visit,0.09523809523809523
outlaw,0.02976190476190476
pass,0.15327380952380953
intesified,0.001488095238095238
result,0.1949404761904762
arrest,0.4107142857142857
force,0.2619047619047619
resign,0.22916666666666666
support,0.3169642857142857
vote,0.08928571428571429
accept,0.13392857142857142
watch,0.03125
undertake,0.047619047619047616
consist,0.01636904761904762
include,0.13988095238095238
drop,0.06696428571428571
drive,0.07886904761904762
consider,0.19940476190476192
characterize,0.03125
commit,0.10863095238095238
serve,0.33779761904761907
dominate,0.06398809523809523
separate,0.022321428571428572
raise,0.11011904761904762
prone,0.001488095238095238
trace,0.00744047619047619
spend,0.11458333333333333
employ,0.03273809523809524
raid,0.043154761904761904
rip,0.005952380952380952
enrol,0.020833333333333332
voraciously,0.001488095238095238
read,0.10416666666666667
study,0.07291666666666667
attract,0.03422619047619048
invite,0.08333333333333333
impress,0.008928571428571428
coin,0.008928571428571428
confess,0.022321428571428572
belong,0.01488095238095238
provide,0.12797619047619047
forbid,0.03571428571428571
protect,0.04017857142857143
set,0.1800595238095238
exhaust,0.00744047619047619
work,0.20535714285714285
draw,0.07886904761904762
translate,0.017857142857142856
fascinate,0.001488095238095238
sue,0.01488095238095238
realize,0.049107142857142856
pay,0.052083333333333336
sing,0.005952380952380952
feature,0.022321428571428572
dress,0.022321428571428572
disrupt,0.010416666666666666
deplore,0.008928571428571428
enlist,0.019345238095238096
swear,0.07589285714285714
argue,0.13541666666666666
espouse,0.013392857142857142
hat,0.010416666666666666
barricade,0.013392857142857142
tie,0.011904761904761904
step,0.03720238095238095
mock,0.011904761904761904
jeer,0.001488095238095238
finish,0.03422619047619048
return,0.27380952380952384
perform,0.03422619047619048
kneel,0.005952380952380952
stab,0.01636904761904762
call,0.37202380952380953
dream,0.005952380952380952
complete,0.07738095238095238
recognize,0.07142857142857142
locate,0.01488095238095238
open,0.11011904761904762
look,0.06696428571428571
associate,0.041666666666666664
startle,0.002976190476190476
precede,0.020833333333333332
execute,0.13541666666666666
deem,0.050595238095238096
target,0.046130952380952384
hand,0.07589285714285714
describe,0.20238095238095238
decline,0.08482142857142858
put,0.21577380952380953
relate,0.01488095238095238
hang,0.019345238095238096
devote,0.00744047619047619
disintegrate,0.002976190476190476
vandalize,0.004464285714285714
strip,0.04017857142857143
bury,0.08928571428571429
know,0.13988095238095238
span,0.002976190476190476
culminate,0.03125
elect,0.19791666666666666
depose,0.1056547619047619
collapse,0.050595238095238096
pardon,0.03273809523809524
death,0.03273809523809524
bear,0.16517857142857142
graduate,0.08928571428571429
apply,0.03720238095238095
head,0.10267857142857142
send,0.27976190476190477
negotiate,0.05803571428571429
join,0.27827380952380953
hop,0.10119047619047619
assume,0.1636904761904762
shake,0.03273809523809524
gather,0.1130952380952381
rest,0.013392857142857142
quote,0.06101190476190476
admit,0.0744047619047619
drink,0.00744047619047619
sign,0.16964285714285715
affect,0.05505952380952381
regret,0.01488095238095238
pressure,0.03720238095238095
hospitalise,0.005952380952380952
diagnose,0.011904761904761904
live,0.10267857142857142
praise,0.047619047619047616
survive,0.07738095238095238
acquire,0.03125
perfect,0.001488095238095238
plague,0.01488095238095238
diminish,0.013392857142857142
embark,0.01636904761904762
misinterpret,0.001488095238095238
imprison,0.13095238095238096
overthrow,0.1056547619047619
function,0.013392857142857142
instal,0.05952380952380952
abolish,0.07291666666666667
adopt,0.11755952380952381
draft,0.07291666666666667
exacerbate,0.010416666666666666
enter,0.16666666666666666
organize,0.13988095238095238
proclaim,0.1056547619047619
commence,0.019345238095238096
detail,0.01636904761904762
descend,0.017857142857142856
defeat,0.08928571428571429
happen,0.05357142857142857
seize,0.17113095238095238
fail,0.18898809523809523
close,0.1056547619047619
contribute,0.052083333333333336
manage,0.12202380952380952
miss,0.022321428571428572
overtake,0.008928571428571428
enforce,0.02976190476190476
fight,0.11160714285714286
distinguish,0.011904761904761904
cause,0.18601190476190477
evacuate,0.03571428571428571
assassinate,0.08035714285714286
murder,0.052083333333333336
abdicate,0.022321428571428572
overshadow,0.005952380952380952
instrumental,0.011904761904761904
elevate,0.013392857142857142
insinuate,0.00744047619047619
recruit,0.046130952380952384
ally,0.020833333333333332
intercede,0.002976190476190476
summon,0.046130952380952384
rebel,0.013392857142857142
exile,0.05952380952380952
date,0.005952380952380952
render,0.013392857142857142
plot,0.047619047619047616
slander,0.002976190476190476
increasingly,0.005952380952380952
worry,0.046130952380952384
attack,0.14434523809523808
commission,0.03125
transfer,0.11160714285714286
disguise,0.00744047619047619
bribe,0.005952380952380952
reassign,0.01488095238095238
learn,0.0818452380952381
deliberate,0.002976190476190476
opt,0.020833333333333332
prepare,0.12053571428571429
want,0.15029761904761904
await,0.026785714285714284
approach,0.07738095238095238
about,0.00744047619047619
retreat,0.04017857142857143
ride,0.008928571428571428
hail,0.025297619047619048
catch,0.047619047619047616
flee,0.15178571428571427
grab,0.010416666666666666
try,0.2976190476190476
shout,0.03869047619047619
disperse,0.03720238095238095
alarm,0.026785714285714284
surround,0.08928571428571429
arm,0.019345238095238096
disturb,0.011904761904761904
apprehensive,0.002976190476190476
satisfy,0.002976190476190476
add,0.12202380952380952
anticipate,0.025297619047619048
need,0.03869047619047619
charge,0.11160714285714286
settle,0.046130952380952384
drift,0.005952380952380952
witness,0.03422619047619048
practise,0.002976190476190476
pursue,0.0625
portray,0.02976190476190476
discharge,0.017857142857142856
torture,0.049107142857142856
rehabilitate,0.008928571428571428
honor,0.008928571428571428
evolve,0.020833333333333332
nominate,0.047619047619047616
achieve,0.052083333333333336
develop,0.08779761904761904
align,0.01488095238095238
influence,0.06398809523809523
absorb,0.00744047619047619
tear,0.010416666666666666
pick,0.028273809523809524
institute,0.03125
notify,0.022321428571428572
purge,0.028273809523809524
inflict,0.01636904761904762
aggravate,0.011904761904761904
experience,0.03571428571428571
mutiny,0.008928571428571428
keep,0.13095238095238096
spread,0.08333333333333333
under,0.023809523809523808
cable,0.01488095238095238
mass,0.010416666666666666
hit,0.03720238095238095
damage,0.047619047619047616
estimate,0.044642857142857144
concentrate,0.022321428571428572
anchor,0.005952380952380952
field,0.002976190476190476
modify,0.00744047619047619
insist,0.08035714285714286
surrender,0.07589285714285714
oust,0.0744047619047619
mean,0.06547619047619048
exploit,0.020833333333333332
convict,0.07142857142857142
regard,0.0818452380952381
rally,0.041666666666666664
parley,0.001488095238095238
contend,0.013392857142857142
wait,0.047619047619047616
defect,0.020833333333333332
switch,0.019345238095238096
sideline,0.013392857142857142
speculate,0.028273809523809524
think,0.13095238095238096
resent,0.026785714285714284
recall,0.05357142857142857
choose,0.11755952380952381
paralyze,0.008928571428571428
subordinate,0.001488095238095238
enable,0.02976190476190476
deride,0.00744047619047619
engage,0.05952380952380952
instigate,0.028273809523809524
surge,0.001488095238095238
worsen,0.017857142857142856
build,0.0744047619047619
convince,0.07589285714285714
conflict,0.002976190476190476
favor,0.028273809523809524
feel,0.025297619047619048
see,0.15476190476190477
tend,0.019345238095238096
alienate,0.01636904761904762
disappoint,0.020833333333333332
compel,0.010416666666666666
infiltrate,0.017857142857142856
anger,0.023809523809523808
overrun,0.010416666666666666
oversee,0.03720238095238095
forecast,0.001488095238095238
cite,0.09077380952380952
upset,0.01488095238095238
arouse,0.00744047619047619
advocate,0.05952380952380952
moot,0.001488095238095238
rebuff,0.01488095238095238
lobby,0.025297619047619048
repeat,0.04017857142857143
engineer,0.01488095238095238
respect,0.01636904761904762
post,0.03869047619047619
search,0.020833333333333332
persuade,0.03571428571428571
trick,0.00744047619047619
reason,0.010416666666666666
predict,0.03571428571428571
correct,0.002976190476190476
assist,0.044642857142857144
demote,0.011904761904761904
supplement,0.004464285714285714
cashier,0.001488095238095238
conclude,0.09523809523809523
convert,0.022321428571428572
relinquish,0.010416666666666666
reflect,0.03273809523809524
disgruntle,0.001488095238095238
solidify,0.005952380952380952
successful,0.020833333333333332
heighten,0.00744047619047619
fuel,0.020833333333333332
purport,0.010416666666666666
buy,0.03422619047619048
leak,0.020833333333333332
fly,0.0625
customarily,0.001488095238095238
contemplate,0.019345238095238096
retain,0.06398809523809523
disseminate,0.013392857142857142
cover,0.026785714285714284
possess,0.013392857142857142
phone,0.025297619047619048
confirm,0.10416666666666667
stay,0.09226190476190477
schedule,0.052083333333333336
aware,0.03422619047619048
conjecture,0.002976190476190476
alert,0.025297619047619048
don,0.005952380952380952
telephone,0.025297619047619048
oversleep,0.001488095238095238
note,0.13095238095238096
wake,0.002976190476190476
apprehend,0.005952380952380952
show,0.125
accompany,0.043154761904761904
relay,0.005952380952380952
stabilize,0.008928571428571428
chair,0.020833333333333332
liken,0.008928571428571428
assemble,0.025297619047619048
direct,0.05654761904761905
sleep,0.005952380952380952
halt,0.026785714285714284
resume,0.05952380952380952
surprise,0.02976190476190476
file,0.04017857142857143
present,0.13095238095238096
concern,0.05952380952380952
embrace,0.011904761904761904
vow,0.050595238095238096
refer,0.1130952380952381
assail,0.004464285714285714
allude,0.005952380952380952
talk,0.03869047619047619
pledge,0.05654761904761905
hinder,0.011904761904761904
point,0.06398809523809523
trust,0.017857142857142856
view,0.09821428571428571
warn,0.12351190476190477
reassure,0.008928571428571428
clear,0.046130952380952384
defy,0.017857142857142856
implicate,0.03273809523809524
inflate,0.002976190476190476
seek,0.19940476190476192
unable,0.046130952380952384
rearrange,0.001488095238095238
provoke,0.05803571428571429
preside,0.022321428571428572
interrogate,0.013392857142857142
reconvene,0.010416666666666666
congratulate,0.02976190476190476
chastise,0.005952380952380952
derogatorily,0.001488095238095238
end,0.21577380952380953
imply,0.01636904761904762
campaign,0.022321428571428572
tour,0.017857142857142856
aim,0.08928571428571429
wish,0.043154761904761904
bemoan,0.002976190476190476
neglect,0.008928571428571428
seal,0.017857142857142856
hesitate,0.013392857142857142
trap,0.004464285714285714
stall,0.022321428571428572
berate,0.010416666666666666
sentence,0.15178571428571427
train,0.028273809523809524
run,0.10416666666666667
crush,0.041666666666666664
hopeful,0.002976190476190476
accelerate,0.013392857142857142
crack,0.011904761904761904
base,0.044642857142857144
organise,0.05505952380952381
command,0.09077380952380952
encircle,0.013392857142857142
shatter,0.00744047619047619
puncture,0.001488095238095238
penetrate,0.011904761904761904
arise,0.03720238095238095
truck,0.001488095238095238
restart,0.005952380952380952
circumnavigate,0.001488095238095238
mortar,0.001488095238095238
petered,0.004464285714285714
sit,0.03720238095238095
climb,0.017857142857142856
awake,0.00744047619047619
disagree,0.025297619047619048
broadcast,0.05952380952380952
suppress,0.05803571428571429
reiterate,0.052083333333333336
regain,0.03869047619047619
will,0.010416666666666666
consult,0.013392857142857142
disqualify,0.008928571428571428
stag,0.10267857142857142
pull,0.03869047619047619
stamp,0.00744047619047619
line,0.005952380952380952
rail,0.004464285714285714
prompt,0.06845238095238096
ambivalently,0.001488095238095238
hope,0.013392857142857142
side,0.020833333333333332
consent,0.008928571428571428
tap,0.008928571428571428
air,0.019345238095238096
blame,0.09970238095238096
sense,0.010416666666666666
exhort,0.008928571428571428
gun,0.002976190476190476
invade,0.03422619047619048
foment,0.013392857142857142
despise,0.00744047619047619
renege,0.00744047619047619
round,0.010416666666666666
let,0.019345238095238096
though,0.001488095238095238
back,0.07886904761904762
collude,0.004464285714285714
stress,0.03720238095238095
angrily,0.002976190476190476
dupe,0.002976190476190476
operate,0.03273809523809524
angry,0.010416666666666666
depict,0.004464285714285714
entrench,0.011904761904761904
ridicule,0.004464285714285714
incite,0.022321428571428572
criticise,0.05803571428571429
urge,0.1056547619047619
be,0.020833333333333332
credit,0.023809523809523808
arrange,0.026785714285714284
overwhelm,0.010416666666666666
mirror,0.002976190476190476
intensify,0.03125
dispatch,0.046130952380952384
contact,0.03125
cross,0.050595238095238096
that,0.004464285714285714
sympathize,0.004464285714285714
comfortable,0.004464285714285714
encounter,0.017857142857142856
interpret,0.03869047619047619
pinpoint,0.001488095238095238
ingest,0.001488095238095238
immolate,0.002976190476190476
greet,0.03273809523809524
uphold,0.025297619047619048
acquit,0.06101190476190476
garland,0.001488095238095238
welcome,0.044642857142857144
focus,0.041666666666666664
unscathed,0.001488095238095238
injure,0.06994047619047619
commend,0.010416666666666666
honour,0.005952380952380952
prioritise,0.001488095238095238
slam,0.00744047619047619
frighten,0.004464285714285714
circle,0.005952380952380952
dive,0.002976190476190476
dart,0.001488095238095238
rush,0.041666666666666664
patrol,0.017857142857142856
last,0.050595238095238096
level,0.005952380952380952
opine,0.00744047619047619
attribute,0.03571428571428571
denounce,0.11458333333333333
project,0.005952380952380952
hoard,0.001488095238095238
sensitive,0.004464285714285714
react,0.06398809523809523
impair,0.002976190476190476
board,0.019345238095238096
investigate,0.04017857142857143
cordoned,0.001488095238095238
flock,0.005952380952380952
perpetrate,0.011904761904761904
demonstrate,0.046130952380952384
adamantly,0.001488095238095238
joke,0.005952380952380952
dead,0.04017857142857143
justify,0.03125
remark,0.025297619047619048
rule,0.15773809523809523
appropriate,0.005952380952380952
combine,0.019345238095238096
communicate,0.00744047619047619
retire,0.0744047619047619
appeal,0.049107142857142856
document,0.010416666666666666
touch,0.002976190476190476
dramatize,0.002976190476190476
interview,0.026785714285714284
aid,0.026785714285714284
march,0.06994047619047619
ring,0.00744047619047619
reelect,0.010416666666666666
spawn,0.004464285714285714
hurt,0.013392857142857142
originate,0.019345238095238096
isolate,0.023809523809523808
border,0.001488095238095238
mark,0.09077380952380952
spark,0.044642857142857144
prove,0.05654761904761905
shut,0.0744047619047619
suspect,0.049107142857142856
divert,0.01488095238095238
choke,0.002976190476190476
unite,0.017857142857142856
teach,0.028273809523809524
delight,0.001488095238095238
observe,0.02976190476190476
thumb,0.001488095238095238
whisper,0.001488095238095238
strike,0.04017857142857143
outrage,0.013392857142857142
ecstatic,0.001488095238095238
vanish,0.005952380952380952
escalate,0.041666666666666664
slow,0.008928571428571428
dispute,0.02976190476190476
extend,0.043154761904761904
intervene,0.03125
split,0.028273809523809524
record,0.03125
violate,0.041666666666666664
trigger,0.02976190476190476
infuriate,0.002976190476190476
unfold,0.03125
beat,0.05505952380952381
interrupt,0.022321428571428572
press,0.020833333333333332
position,0.017857142857142856
exchange,0.011904761904761904
block,0.07291666666666667
inch,0.002976190476190476
clash,0.03720238095238095
push,0.05357142857142857
erupt,0.03571428571428571
rock,0.001488095238095238
revive,0.008928571428571428
found,0.13839285714285715
flood,0.00744047619047619
betray,0.03125
loyal,0.001488095238095238
struggle,0.020833333333333332
revile,0.001488095238095238
irk,0.001488095238095238
distribute,0.049107142857142856
fax,0.001488095238095238
quit,0.011904761904761904
retake,0.017857142857142856
impose,0.1056547619047619
manipulate,0.008928571428571428
get,0.08333333333333333
require,0.05803571428571429
massacre,0.005952380952380952
repeal,0.017857142857142856
void,0.005952380952380952
reinstall,0.005952380952380952
vent,0.001488095238095238
applaud,0.00744047619047619
produce,0.046130952380952384
fragment,0.004464285714285714
ace,0.001488095238095238
displease,0.001488095238095238
bypass,0.004464285714285714
invoke,0.020833333333333332
complain,0.041666666666666664
coordinate,0.020833333333333332
hijack,0.013392857142857142
misunderstand,0.002976190476190476
waste,0.005952380952380952
emphasize,0.028273809523809524
reinstate,0.05357142857142857
prerecord,0.001488095238095238
disconnect,0.00744047619047619
ignore,0.043154761904761904
caution,0.005952380952380952
print,0.017857142857142856
sacrifice,0.011904761904761904
fill,0.028273809523809524
honk,0.002976190476190476
wave,0.01488095238095238
slash,0.004464285714285714
smash,0.008928571428571428
circulate,0.03273809523809524
clarify,0.00744047619047619
trouble,0.010416666666666666
cheer,0.022321428571428572
lend,0.010416666666666666
deceive,0.005952380952380952
greenlit,0.001488095238095238
brief,0.013392857142857142
finance,0.022321428571428572
acknowledge,0.05357142857142857
broach,0.001488095238095238
conduct,0.05952380952380952
contest,0.013392857142857142
affirm,0.019345238095238096
snip,0.001488095238095238
comply,0.013392857142857142
brandish,0.004464285714285714
overlook,0.004464285714285714
impact,0.00744047619047619
recuse,0.001488095238095238
assault,0.017857142857142856
besiege,0.01636904761904762
own,0.046130952380952384
host,0.020833333333333332
impede,0.001488095238095238
revolt,0.010416666666666666
prevent,0.07589285714285714
strengthen,0.046130952380952384
revoke,0.019345238095238096
tone,0.001488095238095238
silence,0.004464285714285714
transpire,0.004464285714285714
protest,0.06845238095238096
echo,0.01488095238095238
educate,0.025297619047619048
farm,0.001488095238095238
forfeit,0.001488095238095238
marry,0.06101190476190476
quicken,0.001488095238095238
occasion,0.002976190476190476
coincide,0.00744047619047619
multiply,0.004464285714285714
hire,0.028273809523809524
humiliate,0.011904761904761904
avoid,0.03571428571428571
prevail,0.01488095238095238
neutralize,0.011904761904761904
facilitate,0.020833333333333332
reverse,0.03125
rename,0.049107142857142856
inter,0.01488095238095238
down,0.01636904761904762
initiate,0.09077380952380952
endorse,0.043154761904761904
discover,0.07291666666666667
exist,0.025297619047619048
amend,0.013392857142857142
entrust,0.017857142857142856
dislike,0.028273809523809524
intern,0.017857142857142856
groom,0.001488095238095238
formulate,0.008928571428571428
weaken,0.046130952380952384
explore,0.008928571428571428
comprise,0.008928571428571428
voice,0.026785714285714284
elaborate,0.008928571428571428
underestimate,0.004464285714285714
active,0.02976190476190476
repatriate,0.002976190476190476
confer,0.008928571428571428
fling,0.001488095238095238
electrocution,0.001488095238095238
disappear,0.028273809523809524
deport,0.01488095238095238
popularize,0.005952380952380952
responsible,0.025297619047619048
bellow,0.002976190476190476
treat,0.03571428571428571
court,0.004464285714285714
nullify,0.00744047619047619
loan,0.001488095238095238
mismanage,0.001488095238095238
supervise,0.010416666666666666
bomb,0.028273809523809524
lengthen,0.001488095238095238
escort,0.025297619047619048
depart,0.041666666666666664
suppose,0.01636904761904762
abound,0.002976190476190476
discard,0.004464285714285714
liberate,0.011904761904761904
resort,0.011904761904761904
expose,0.026785714285714284
acclaim,0.00744047619047619
bloodless,0.001488095238095238
widespread,0.002976190476190476
retort,0.00744047619047619
reestablish,0.005952380952380952
land,0.044642857142857144
towards,0.001488095238095238
invest,0.020833333333333332
destroy,0.07589285714285714
strive,0.004464285714285714
devastate,0.010416666666666666
part,0.002976190476190476
hint,0.01488095238095238
depress,0.001488095238095238
insult,0.011904761904761904
kick,0.002976190476190476
cost,0.00744047619047619
bogged,0.002976190476190476
task,0.028273809523809524
pave,0.026785714285714284
unleash,0.008928571428571428
bid,0.008928571428571428
detain,0.09375
progress,0.01636904761904762
abduct,0.010416666666666666
spar,0.013392857142857142
assure,0.043154761904761904
rig,0.010416666666666666
discontent,0.002976190476190476
dedicate,0.017857142857142856
explode,0.013392857142857142
authorise,0.01488095238095238
discriminate,0.004464285714285714
uncover,0.017857142857142856
shelve,0.001488095238095238
instruct,0.03273809523809524
augment,0.005952380952380952
sabotage,0.00744047619047619
label,0.01488095238095238
conquer,0.00744047619047619
save,0.03720238095238095
upon,0.005952380952380952
question,0.047619047619047616
dodge,0.001488095238095238
lampoon,0.002976190476190476
laugh,0.002976190476190476
storm,0.05505952380952381
dissatisfy,0.013392857142857142
embarrass,0.00744047619047619
strain,0.01488095238095238
placate,0.001488095238095238
confront,0.04017857142857143
feign,0.002976190476190476
discredit,0.010416666666666666
profit,0.002976190476190476
fool,0.002976190476190476
concoct,0.004464285714285714
procrastinate,0.001488095238095238
converge,0.00744047619047619
spearhead,0.010416666666666666
recount,0.011904761904761904
brainwash,0.001488095238095238
unaware,0.00744047619047619
hurry,0.005952380952380952
roll,0.011904761904761904
glance,0.001488095238095238
overcome,0.010416666666666666
chew,0.001488095238095238
brush,0.001488095238095238
wonder,0.005952380952380952
nod,0.002976190476190476
notice,0.00744047619047619
intercept,0.020833333333333332
stumble,0.001488095238095238
frame,0.008928571428571428
pose,0.020833333333333332
wag,0.008928571428571428
hide,0.023809523809523808
afraid,0.011904761904761904
impersonate,0.001488095238095238
realise,0.025297619047619048
taunt,0.002976190476190476
foil,0.028273809523809524
time,0.001488095238095238
outnumber,0.002976190476190476
blow,0.011904761904761904
roar,0.002976190476190476
strafe,0.00744047619047619
sever,0.013392857142857142
remember,0.010416666666666666
abuse,0.008928571428571428
slight,0.001488095238095238
swing,0.002976190476190476
loud,0.001488095238095238
confident,0.013392857142857142
presume,0.004464285714285714
omit,0.002976190476190476
mix,0.005952380952380952
reinforce,0.013392857142857142
defend,0.07738095238095238
imminent,0.002976190476190476
stick,0.011904761904761904
walk,0.03869047619047619
implore,0.004464285714285714
sneak,0.001488095238095238
astound,0.002976190476190476
pack,0.005952380952380952
fit,0.005952380952380952
mortify,0.001488095238095238
overhear,0.005952380952380952
recognise,0.022321428571428572
transport,0.028273809523809524
gesture,0.002976190476190476
spray,0.004464285714285714
shock,0.01636904761904762
grievous,0.002976190476190476
snap,0.004464285714285714
wrestle,0.005952380952380952
pen,0.011904761904761904
lament,0.008928571428571428
suicide,0.011904761904761904
appal,0.010416666666666666
repulse,0.00744047619047619
mesh,0.002976190476190476
emphatic,0.002976190476190476
delay,0.03720238095238095
scar,0.004464285714285714
dishearten,0.002976190476190476
term,0.019345238095238096
burn,0.052083333333333336
ransack,0.008928571428571428
mob,0.004464285714285714
warrant,0.004464285714285714
swarm,0.002976190476190476
punctuate,0.002976190476190476
elate,0.002976190476190476
foster,0.01488095238095238
list,0.046130952380952384
formally,0.005952380952380952
mobilise,0.013392857142857142
sceptic,0.001488095238095238
expel,0.052083333333333336
de,0.001488095238095238
persist,0.013392857142857142
contain,0.026785714285714284
ensure,0.028273809523809524
absent,0.010416666666666666
explicitly,0.001488095238095238
destabilise,0.001488095238095238
obey,0.01488095238095238
prosecute,0.01488095238095238
bind,0.005952380952380952
resurface,0.001488095238095238
number,0.005952380952380952
confine,0.008928571428571428
stoke,0.00744047619047619
guarantee,0.026785714285714284
undercut,0.001488095238095238
shew,0.001488095238095238
favour,0.023809523809523808
owe,0.005952380952380952
misfire,0.001488095238095238
drag,0.01488095238095238
desire,0.010416666666666666
temporarily,0.001488095238095238
exercise,0.020833333333333332
appreciate,0.008928571428571428
near,0.005952380952380952
flaw,0.001488095238095238
minimise,0.001488095238095238
risk,0.004464285714285714
activate,0.010416666666666666
doubt,0.011904761904761904
ready,0.008928571428571428
hoist,0.002976190476190476
scatter,0.011904761904761904
reassemble,0.004464285714285714
exaggerate,0.004464285714285714
equip,0.005952380952380952
sail,0.01636904761904762
lift,0.03422619047619048
hasten,0.011904761904761904
eagerly,0.001488095238095238
enquire,0.001488095238095238
disembark,0.001488095238095238
amount,0.01636904761904762
compose,0.013392857142857142
necessitate,0.002976190476190476
shed,0.008928571428571428
desert,0.01636904761904762
grip,0.002976190476190476
dismay,0.013392857142857142
burden,0.001488095238095238
slip,0.00744047619047619
resolve,0.02976190476190476
incapacitate,0.004464285714285714
convene,0.05654761904761905
substitute,0.002976190476190476
reaffirm,0.01636904761904762
adjourn,0.019345238095238096
preach,0.010416666666666666
crown,0.010416666666666666
class,0.001488095238095238
cultivate,0.010416666666666666
rag,0.00744047619047619
quell,0.011904761904761904
stipulate,0.01488095238095238
specify,0.008928571428571428
improve,0.019345238095238096
induce,0.002976190476190476
revisit,0.001488095238095238
downplay,0.008928571428571428
refute,0.005952380952380952
transform,0.028273809523809524
root,0.00744047619047619
arrival,0.001488095238095238
unsuccessful,0.004464285714285714
commemorate,0.01636904761904762
preserve,0.017857142857142856
precipitate,0.005952380952380952
exemplify,0.001488095238095238
simmer,0.004464285714285714
mislead,0.011904761904761904
guard,0.023809523809523808
postulate,0.002976190476190476
contradict,0.020833333333333332
surface,0.010416666666666666
lock,0.01488095238095238
devise,0.01636904761904762
underway,0.01636904761904762
inspect,0.004464285714285714
frequent,0.002976190476190476
pray,0.010416666666666666
shove,0.002976190476190476
passionate,0.001488095238095238
lunge,0.001488095238095238
lie,0.020833333333333332
twitch,0.001488095238095238
weep,0.002976190476190476
leap,0.002976190476190476
bother,0.002976190476190476
console,0.001488095238095238
skeptical,0.004464285714285714
rationalise,0.001488095238095238
bloody,0.001488095238095238
bruise,0.002976190476190476
sell,0.03720238095238095
burst,0.008928571428571428
bore,0.011904761904761904
infamous,0.001488095238095238
disavow,0.010416666666666666
enhance,0.01488095238095238
outlast,0.001488095238095238
compound,0.00744047619047619
earn,0.04017857142857143
discontinue,0.00744047619047619
blacklist,0.002976190476190476
prevaricate,0.001488095238095238
volunteer,0.011904761904761904
exhumated,0.001488095238095238
incorporate,0.013392857142857142
all,0.001488095238095238
envision,0.005952380952380952
refashion,0.001488095238095238
curtail,0.00744047619047619
test,0.005952380952380952
smuggle,0.013392857142857142
paraphrase,0.002976190476190476
hamper,0.00744047619047619
fund,0.028273809523809524
topple,0.03125
steal,0.010416666666666666
conceive,0.011904761904761904
erect,0.01488095238095238
collect,0.028273809523809524
analyze,0.00744047619047619
lower,0.019345238095238096
legalize,0.011904761904761904
award,0.07589285714285714
redesignated,0.002976190476190476
allocate,0.00744047619047619
deactivate,0.001488095238095238
operational,0.002976190476190476
hostage,0.001488095238095238
terminate,0.022321428571428572
chase,0.008928571428571428
downgrade,0.005952380952380952
freeze,0.022321428571428572
retirement,0.002976190476190476
internalise,0.001488095238095238
interest,0.011904761904761904
enshrine,0.001488095238095238
reference,0.008928571428571428
repudiate,0.00744047619047619
nationalise,0.001488095238095238
sympathise,0.001488095238095238
ratify,0.026785714285714284
mount,0.020833333333333332
broker,0.008928571428571428
highlight,0.023809523809523808
boost,0.010416666666666666
bolster,0.008928571428571428
inspire,0.044642857142857144
model,0.004464285714285714
understand,0.03422619047619048
deal,0.026785714285714284
demise,0.001488095238095238
spot,0.01636904761904762
spur,0.00744047619047619
mutilate,0.004464285714285714
compromise,0.00744047619047619
reap,0.001488095238095238
vest,0.005952380952380952
evident,0.00744047619047619
reserve,0.01488095238095238
blackball,0.001488095238095238
emigrate,0.00744047619047619
liquidate,0.002976190476190476
ensue,0.019345238095238096
retaliate,0.00744047619047619
ease,0.011904761904761904
front,0.001488095238095238
crumble,0.008928571428571428
score,0.004464285714285714
banish,0.004464285714285714
hospitalize,0.008928571428571428
stir,0.01488095238095238
reorganise,0.005952380952380952
premièred,0.001488095238095238
complement,0.005952380952380952
usher,0.013392857142857142
team,0.001488095238095238
convalesce,0.001488095238095238
well,0.001488095238095238
disapprove,0.011904761904761904
destruction,0.001488095238095238
mastermind,0.010416666666666666
eliminate,0.020833333333333332
depend,0.01488095238095238
bargain,0.002976190476190476
discourage,0.010416666666666666
minimize,0.005952380952380952
busy,0.002976190476190476
deliver,0.06994047619047619
haul,0.001488095238095238
fancy,0.001488095238095238
…,0.002976190476190476
squash,0.001488095238095238
lionize,0.002976190476190476
disclaim,0.002976190476190476
emphatically,0.002976190476190476
dicker,0.001488095238095238
offset,0.001488095238095238
sanction,0.01488095238095238
gratify,0.001488095238095238
editorialize,0.001488095238095238
toy,0.002976190476190476
convey,0.00744047619047619
annex,0.023809523809523808
weight,0.001488095238095238
despair,0.001488095238095238
critical,0.008928571428571428
inactive,0.002976190476190476
assess,0.00744047619047619
nickname,0.00744047619047619
merge,0.017857142857142856
within,0.001488095238095238
store,0.002976190476190476
counter,0.013392857142857142
inactivate,0.001488095238095238
diversify,0.001488095238095238
restructure,0.002976190476190476
signal,0.020833333333333332
transit,0.001488095238095238
rumor,0.008928571428571428
redeploy,0.001488095238095238
debate,0.010416666666666666
muster,0.008928571428571428
tangle,0.001488095238095238
refine,0.001488095238095238
dash,0.005952380952380952
guide,0.008928571428571428
humbly,0.001488095238095238
plead,0.019345238095238096
dismantle,0.004464285714285714
toss,0.004464285714285714
spin,0.001488095238095238
reign,0.010416666666666666
accede,0.001488095238095238
polarise,0.002976190476190476
evoke,0.002976190476190476
nervous,0.004464285714285714
testify,0.026785714285714284
neutralise,0.005952380952380952
promulgate,0.022321428571428572
openly,0.001488095238095238
oblige,0.011904761904761904
reside,0.023809523809523808
hellenized,0.001488095238095238
widow,0.002976190476190476
mediate,0.010416666666666666
wield,0.010416666666666666
knowledge,0.001488095238095238
count,0.00744047619047619
tenure,0.002976190476190476
uneasy,0.002976190476190476
confide,0.005952380952380952
effect,0.004464285714285714
drow,0.001488095238095238
house,0.01488095238095238
link,0.03273809523809524
reform,0.01488095238095238
interdict,0.001488095238095238
remand,0.004464285714285714
enact,0.03273809523809524
disable,0.004464285714285714
validate,0.005952380952380952
overstep,0.002976190476190476
scrutinize,0.001488095238095238
outline,0.019345238095238096
emphasise,0.010416666666666666
restate,0.001488095238095238
mandate,0.011904761904761904
retract,0.011904761904761904
donate,0.017857142857142856
dub,0.011904761904761904
practice,0.013392857142857142
ascend,0.020833333333333332
differ,0.005952380952380952
subject,0.03422619047619048
fin,0.005952380952380952
commute,0.03273809523809524
stem,0.008928571428571428
nominally,0.001488095238095238
enlarge,0.002976190476190476
indict,0.020833333333333332
skim,0.002976190476190476
breach,0.013392857142857142
attain,0.008928571428571428
admonish,0.001488095238095238
publicly,0.010416666666666666
yield,0.008928571428571428
annoy,0.004464285714285714
hug,0.001488095238095238
invalidate,0.002976190476190476
subsidize,0.005952380952380952
ambush,0.010416666666666666
embody,0.00744047619047619
maneuver,0.002976190476190476
calm,0.005952380952380952
essentially,0.001488095238095238
behead,0.008928571428571428
strand,0.001488095238095238
sink,0.010416666666666666
renew,0.013392857142857142
evaluate,0.004464285714285714
defraud,0.004464285714285714
traffic,0.002976190476190476
type,0.001488095238095238
detonate,0.002976190476190476
expire,0.011904761904761904
drown,0.005952380952380952
flout,0.001488095238095238
sweep,0.01636904761904762
loot,0.028273809523809524
forcibly,0.004464285714285714
abrogate,0.013392857142857142
backdate,0.002976190476190476
harass,0.010416666666666666
rap,0.004464285714285714
politicise,0.001488095238095238
dog,0.002976190476190476
thwart,0.025297619047619048
postpone,0.04017857142857143
recover,0.025297619047619048
range,0.010416666666666666
ongoing,0.013392857142857142
reopen,0.017857142857142856
tow,0.001488095238095238
veto,0.008928571428571428
concur,0.011904761904761904
endure,0.011904761904761904
pending,0.008928571428571428
seat,0.004464285714285714
fluent,0.001488095238095238
dissent,0.004464285714285714
heed,0.004464285714285714
relocate,0.017857142857142856
pretend,0.008928571428571428
soil,0.002976190476190476
usurp,0.005952380952380952
nurse,0.001488095238095238
derail,0.00744047619047619
conspire,0.028273809523809524
weather,0.001488095238095238
govern,0.03720238095238095
chant,0.022321428571428572
interfere,0.011904761904761904
thank,0.023809523809523808
group,0.001488095238095238
dictate,0.011904761904761904
boycott,0.020833333333333332
publicize,0.008928571428571428
exhibit,0.008928571428571428
remind,0.019345238095238096
long,0.001488095238095238
monitor,0.017857142857142856
countenance,0.001488095238095238
panic,0.008928571428571428
congregate,0.002976190476190476
salute,0.005952380952380952
subside,0.008928571428571428
gauge,0.001488095238095238
pronounce,0.01488095238095238
offend,0.00744047619047619
prohibit,0.03869047619047619
prejudice,0.001488095238095238
differentiate,0.001488095238095238
exclaim,0.00744047619047619
reentered,0.004464285714285714
boast,0.001488095238095238
total,0.004464285714285714
notorious,0.001488095238095238
prescribe,0.002976190476190476
dine,0.001488095238095238
riot,0.004464285714285714
petition,0.011904761904761904
incarcerate,0.022321428571428572
demystify,0.001488095238095238
perish,0.005952380952380952
flog,0.001488095238095238
monopolise,0.002976190476190476
dare,0.004464285714285714
slew,0.001488095238095238
slaughter,0.002976190476190476
preempt,0.002976190476190476
lure,0.002976190476190476
harbour,0.002976190476190476
irate,0.001488095238095238
account,0.005952380952380952
deposit,0.001488095238095238
ship,0.002976190476190476
divorce,0.005952380952380952
star,0.002976190476190476
hustle,0.001488095238095238
apologize,0.01636904761904762
title,0.002976190476190476
revolutionize,0.001488095238095238
reel,0.001488095238095238
raze,0.002976190476190476
embroil,0.001488095238095238
bankrupt,0.001488095238095238
ruin,0.008928571428571428
prevalent,0.001488095238095238
unwilling,0.002976190476190476
sound,0.010416666666666666
careful,0.001488095238095238
ameliorate,0.002976190476190476
curb,0.002976190476190476
anxious,0.001488095238095238
baptize,0.005952380952380952
cofounded,0.002976190476190476
reconcile,0.005952380952380952
betroth,0.001488095238095238
match,0.005952380952380952
entertain,0.005952380952380952
cast,0.01636904761904762
“,0.001488095238095238
cripple,0.008928571428571428
obscure,0.002976190476190476
withhold,0.005952380952380952
dissuade,0.008928571428571428
derive,0.00744047619047619
tip,0.011904761904761904
absolve,0.001488095238095238
incline,0.00744047619047619
edit,0.011904761904761904
shutter,0.008928571428571428
subdivide,0.001488095238095238
balk,0.001488095238095238
officially,0.001488095238095238
fan,0.004464285714285714
toll,0.002976190476190476
signify,0.004464285714285714
contrast,0.004464285714285714
fete,0.001488095238095238
wan,0.005952380952380952
transcribe,0.001488095238095238
predecease,0.001488095238095238
rat,0.002976190476190476
tutor,0.001488095238095238
symbolize,0.001488095238095238
research,0.002976190476190476
film,0.008928571428571428
relieve,0.023809523809523808
swallow,0.001488095238095238
evade,0.010416666666666666
craft,0.002976190476190476
sour,0.004464285714285714
furious,0.002976190476190476
harbor,0.001488095238095238
repel,0.008928571428571428
damn,0.002976190476190476
recapture,0.00744047619047619
desperate,0.002976190476190476
wind,0.002976190476190476
in,0.002976190476190476
disrespect,0.001488095238095238
connive,0.001488095238095238
reportedly,0.004464285714285714
cement,0.010416666666666666
removal,0.001488095238095238
doom,0.00744047619047619
disregard,0.01488095238095238
decode,0.001488095238095238
huge,0.001488095238095238
like,0.005952380952380952
criminalize,0.002976190476190476
rescue,0.017857142857142856
beg,0.005952380952380952
piece,0.001488095238095238
spring,0.005952380952380952
perpetuate,0.001488095238095238
further,0.00744047619047619
centre,0.001488095238095238
copy,0.005952380952380952
modernize,0.004464285714285714
westernize,0.001488095238095238
mess,0.001488095238095238
socialize,0.001488095238095238
permit,0.023809523809523808
rival,0.001488095238095238
lessen,0.002976190476190476
inherit,0.01636904761904762
colonise,0.001488095238095238
cede,0.00744047619047619
sow,0.00744047619047619
staff,0.002976190476190476
temper,0.001488095238095238
redefine,0.002976190476190476
eager,0.005952380952380952
modernise,0.001488095238095238
perch,0.002976190476190476
erode,0.010416666666666666
mute,0.002976190476190476
characterise,0.017857142857142856
available,0.005952380952380952
delve,0.002976190476190476
overemphasise,0.001488095238095238
judge,0.01636904761904762
dependent,0.002976190476190476
reprimand,0.002976190476190476
bluff,0.002976190476190476
over,0.010416666666666666
blanket,0.002976190476190476
concede,0.01488095238095238
elicit,0.004464285714285714
disaffect,0.001488095238095238
affix,0.001488095238095238
embed,0.001488095238095238
tarnish,0.001488095238095238
bedevil,0.001488095238095238
engulf,0.004464285714285714
accumulate,0.005952380952380952
wrong,0.001488095238095238
reckon,0.001488095238095238
cry,0.011904761904761904
spirit,0.002976190476190476
martialled,0.004464285714285714
posit,0.004464285714285714
verify,0.008928571428571428
exceed,0.010416666666666666
falter,0.004464285714285714
co,0.002976190476190476
blend,0.001488095238095238
map,0.001488095238095238
vary,0.002976190476190476
probe,0.002976190476190476
below,0.001488095238095238
corrupt,0.004464285714285714
tolerate,0.00744047619047619
admire,0.004464285714285714
brand,0.005952380952380952
mourn,0.00744047619047619
acquiesce,0.005952380952380952
detach,0.004464285714285714
harden,0.002976190476190476
reemerged,0.001488095238095238
propagate,0.002976190476190476
triple,0.001488095238095238
militarize,0.001488095238095238
register,0.008928571428571428
different,0.001488095238095238
resurrect,0.002976190476190476
marginalize,0.004464285714285714
affiliate,0.00744047619047619
structure,0.002976190476190476
distance,0.01488095238095238
against,0.008928571428571428
examine,0.011904761904761904
divulge,0.002976190476190476
fulfil,0.008928571428571428
harm,0.004464285714285714
rationalize,0.002976190476190476
backtrack,0.005952380952380952
utilise,0.001488095238095238
construct,0.010416666666666666
crash,0.00744047619047619
cling,0.002976190476190476
recite,0.004464285714285714
inscribe,0.004464285714285714
necessary,0.005952380952380952
intact,0.001488095238095238
parade,0.00744047619047619
propel,0.001488095238095238
epitomise,0.001488095238095238
capitalise,0.002976190476190476
quench,0.001488095238095238
martyrize,0.001488095238095238
check,0.010416666666666666
migrate,0.001488095238095238
christen,0.004464285714285714
excel,0.005952380952380952
harvest,0.001488095238095238
outspoken,0.001488095238095238
amass,0.00744047619047619
rent,0.001488095238095238
hike,0.001488095238095238
would,0.002976190476190476
flatter,0.001488095238095238
frustrate,0.010416666666666666
torment,0.001488095238095238
vet,0.001488095238095238
holiday,0.001488095238095238
love,0.00744047619047619
socialise,0.001488095238095238
befriend,0.010416666666666666
imagine,0.001488095238095238
entail,0.00744047619047619
soar,0.008928571428571428
sceptical,0.001488095238095238
care,0.002976190476190476
feed,0.00744047619047619
scrap,0.005952380952380952
profess,0.002976190476190476
supportive,0.00744047619047619
reprint,0.004464285714285714
televise,0.002976190476190476
halve,0.002976190476190476
exasperate,0.002976190476190476
lunch,0.001488095238095238
apologise,0.010416666666666666
skip,0.002976190476190476
allay,0.001488095238095238
sympathetic,0.002976190476190476
hostile,0.001488095238095238
preoccupy,0.002976190476190476
reunify,0.001488095238095238
unhappy,0.010416666666666666
plummet,0.004464285714285714
bow,0.008928571428571428
provisionally,0.002976190476190476
vacate,0.004464285714285714
lecture,0.004464285714285714
afloat,0.001488095238095238
plunge,0.01488095238095238
victorious,0.002976190476190476
cooperate,0.010416666666666666
adapt,0.001488095238095238
shape,0.010416666666666666
thin,0.002976190476190476
diet,0.001488095238095238
protective,0.001488095238095238
cherish,0.004464285714285714
grate,0.001488095238095238
skew,0.002976190476190476
gamble,0.004464285714285714
radicalised,0.001488095238095238
safeguard,0.002976190476190476
track,0.011904761904761904
bicycle,0.001488095238095238
calculate,0.002976190476190476
speed,0.005952380952380952
bombard,0.00744047619047619
horrify,0.002976190476190476
sap,0.002976190476190476
redact,0.002976190476190476
embellish,0.001488095238095238
underwrite,0.001488095238095238
mail,0.001488095238095238
decorate,0.005952380952380952
scoff,0.002976190476190476
expound,0.002976190476190476
lull,0.001488095238095238
lump,0.001488095238095238
monopolize,0.002976190476190476
hypothesize,0.001488095238095238
receptive,0.001488095238095238
castigate,0.002976190476190476
relent,0.004464285714285714
discipline,0.001488095238095238
meddle,0.004464285714285714
formalise,0.001488095238095238
–,0.002976190476190476
circumscribe,0.001488095238095238
chip,0.002976190476190476
corrode,0.001488095238095238
invent,0.005952380952380952
fashion,0.004464285714285714
solve,0.004464285714285714
glorify,0.001488095238095238
erase,0.004464285714285714
classify,0.008928571428571428
unearth,0.002976190476190476
utilize,0.005952380952380952
relax,0.001488095238095238
screen,0.002976190476190476
ignite,0.01488095238095238
pit,0.002976190476190476
antagonise,0.002976190476190476
misuse,0.002976190476190476
yearn,0.002976190476190476
endanger,0.004464285714285714
peak,0.005952380952380952
normalize,0.001488095238095238
overestimate,0.002976190476190476
agitate,0.005952380952380952
taint,0.002976190476190476
mistake,0.008928571428571428
pile,0.002976190476190476
punish,0.008928571428571428
review,0.008928571428571428
leapfrog,0.001488095238095238
poise,0.001488095238095238
condone,0.005952380952380952
beam,0.001488095238095238
"akins—""used",0.001488095238095238
fearful,0.002976190476190476
abort,0.005952380952380952
decompose,0.001488095238095238
desecrate,0.002976190476190476
rife,0.004464285714285714
exert,0.008928571428571428
champion,0.005952380952380952
key,0.001488095238095238
famous,0.002976190476190476
mar,0.005952380952380952
abate,0.001488095238095238
deepen,0.011904761904761904
vanquish,0.001488095238095238
brew,0.002976190476190476
at,0.008928571428571428
spit,0.002976190476190476
up,0.002976190476190476
tamper,0.002976190476190476
substantiate,0.004464285714285714
surcharge,0.001488095238095238
overspend,0.001488095238095238
dock,0.002976190476190476
deduct,0.001488095238095238
twist,0.001488095238095238
rubbish,0.001488095238095238
deprive,0.013392857142857142
batter,0.001488095238095238
afflict,0.001488095238095238
demolish,0.004464285714285714
reshuffle,0.002976190476190476
stun,0.002976190476190476
bleed,0.001488095238095238
perturb,0.002976190476190476
race,0.002976190476190476
secede,0.004464285714285714
skyrocket,0.005952380952380952
wipe,0.001488095238095238
conceal,0.004464285714285714
recuperate,0.001488095238095238
bankroll,0.001488095238095238
paint,0.011904761904761904
dispel,0.002976190476190476
whittle,0.002976190476190476
sack,0.023809523809523808
default,0.004464285714285714
forget,0.010416666666666666
wobble,0.001488095238095238
channel,0.005952380952380952
teem,0.002976190476190476
inhabit,0.001488095238095238
rejoin,0.004464285714285714
moor,0.001488095238095238
pound,0.001488095238095238
wheel,0.001488095238095238
flash,0.002976190476190476
ditch,0.001488095238095238
steam,0.001488095238095238
menace,0.002976190476190476
delirious,0.001488095238095238
annul,0.011904761904761904
value,0.010416666666666666
clamp,0.005952380952380952
censor,0.00744047619047619
kidnap,0.026785714285714284
eat,0.00744047619047619
float,0.002976190476190476
flatten,0.001488095238095238
visible,0.002976190476190476
persecute,0.010416666666666666
repair,0.002976190476190476
moderate,0.004464285714285714
terrorise,0.002976190476190476
polarize,0.002976190476190476
reimpose,0.002976190476190476
flare,0.004464285714285714
rescind,0.008928571428571428
herald,0.004464285714285714
revise,0.01488095238095238
sadden,0.001488095238095238
",",0.001488095238095238
shelter,0.005952380952380952
define,0.01488095238095238
awaken,0.004464285714285714
equivocate,0.002976190476190476
inhibit,0.002976190476190476
bus,0.001488095238095238
arbitrary,0.001488095238095238
water,0.002976190476190476
strategized,0.001488095238095238
load,0.005952380952380952
lease,0.011904761904761904
phase,0.001488095238095238
renovate,0.001488095238095238
mend,0.002976190476190476
still,0.004464285714285714
nationalize,0.00744047619047619
wiretapping,0.001488095238095238
rank,0.004464285714285714
rumour,0.002976190476190476
deviate,0.001488095238095238
earnt,0.001488095238095238
photograph,0.005952380952380952
dance,0.002976190476190476
forge,0.002976190476190476
disenfranchise,0.001488095238095238
afford,0.001488095238095238
succumb,0.004464285714285714
subdue,0.00744047619047619
triumph,0.004464285714285714
rendezvous,0.001488095238095238
zero,0.001488095238095238
dislodge,0.001488095238095238
center,0.001488095238095238
withstand,0.001488095238095238
rout,0.005952380952380952
eradicate,0.001488095238095238
astonish,0.002976190476190476
procure,0.001488095238095238
coalesce,0.00744047619047619
impel,0.004464285714285714
expressly,0.001488095238095238
utter,0.004464285714285714
fortify,0.002976190476190476
yell,0.002976190476190476
steer,0.002976190476190476
stimulate,0.002976190476190476
readied,0.002976190476190476
dig,0.004464285714285714
exhume,0.005952380952380952
ferry,0.001488095238095238
refrain,0.005952380952380952
unravel,0.001488095238095238
heckle,0.001488095238095238
partake,0.001488095238095238
bet,0.004464285714285714
partner,0.001488095238095238
rear,0.001488095238095238
regulate,0.002976190476190476
2009—returned,0.001488095238095238
ill,0.001488095238095238
ferret,0.001488095238095238
author,0.013392857142857142
amenable,0.001488095238095238
abide,0.002976190476190476
forward,0.004464285714285714
opinion,0.001488095238095238
prolong,0.002976190476190476
stylize,0.001488095238095238
surpass,0.008928571428571428
update,0.002976190476190476
parole,0.002976190476190476
spill,0.004464285714285714
profane,0.001488095238095238
now,0.001488095238095238
bias,0.002976190476190476
imbalanced,0.001488095238095238
overturn,0.013392857142857142
handpicked,0.001488095238095238
pervert,0.002976190476190476
smack,0.001488095238095238
consort,0.001488095238095238
reappear,0.002976190476190476
extort,0.002976190476190476
favourable,0.001488095238095238
couple,0.002976190476190476
mingle,0.002976190476190476
weigh,0.00744047619047619
recast,0.001488095238095238
overstretch,0.001488095238095238
stock,0.001488095238095238
divest,0.001488095238095238
experiment,0.001488095238095238
trade,0.002976190476190476
complicate,0.002976190476190476
excuse,0.005952380952380952
deemphasized,0.001488095238095238
beseech,0.001488095238095238
backpedal,0.001488095238095238
reshape,0.002976190476190476
counterattack,0.002976190476190476
fend,0.004464285714285714
throng,0.002976190476190476
thirst,0.001488095238095238
exit,0.004464285714285714
shrink,0.001488095238095238
alter,0.00744047619047619
distinct,0.001488095238095238
vie,0.002976190476190476
adhere,0.011904761904761904
behave,0.005952380952380952
counterproductive,0.001488095238095238
galvanize,0.004464285714285714
embattle,0.001488095238095238
decry,0.017857142857142856
dilute,0.001488095238095238
intent,0.001488095238095238
crumple,0.001488095238095238
scold,0.001488095238095238
aback,0.001488095238095238
rile,0.001488095238095238
grin,0.001488095238095238
rankle,0.001488095238095238
detract,0.001488095238095238
bristle,0.001488095238095238
incense,0.004464285714285714
unsure,0.004464285714285714
billet,0.001488095238095238
dwindle,0.001488095238095238
hunt,0.005952380952380952
indebted,0.001488095238095238
widen,0.005952380952380952
visualize,0.001488095238095238
factionalized,0.001488095238095238
finalize,0.010416666666666666
quip,0.002976190476190476
sure,0.001488095238095238
extol,0.001488095238095238
—,0.00744047619047619
message,0.001488095238095238
adjacent,0.001488095238095238
wrest,0.001488095238095238
lethargic,0.001488095238095238
maroon,0.001488095238095238
bend,0.004464285714285714
eclipse,0.004464285714285714
capitulate,0.002976190476190476
deter,0.002976190476190476
cow,0.001488095238095238
wilt,0.001488095238095238
cognizant,0.001488095238095238
executor,0.001488095238095238
apparent,0.005952380952380952
auction,0.001488095238095238
subvert,0.001488095238095238
plant,0.005952380952380952
obstinate,0.001488095238095238
enclose,0.001488095238095238
defuse,0.010416666666666666
coerce,0.002976190476190476
cluster,0.001488095238095238
shield,0.002976190476190476
export,0.001488095238095238
imperil,0.001488095238095238
elude,0.001488095238095238
immediately,0.001488095238095238
catapult,0.001488095238095238
charter,0.002976190476190476
legalise,0.002976190476190476
compete,0.004464285714285714
demoralise,0.001488095238095238
weed,0.001488095238095238
supersede,0.001488095238095238
fix,0.004464285714285714
reschedule,0.001488095238095238
implode,0.001488095238095238
formalize,0.001488095238095238
nurture,0.001488095238095238
plunder,0.001488095238095238
picket,0.001488095238095238
bang,0.001488095238095238
rebuild,0.004464285714285714
blossom,0.001488095238095238
reciprocate,0.001488095238095238
antagonize,0.001488095238095238
flow,0.001488095238095238
underline,0.005952380952380952
torch,0.00744047619047619
morph,0.002976190476190476
memorize,0.001488095238095238
tithe,0.001488095238095238
repute,0.001488095238095238
interact,0.001488095238095238
befall,0.001488095238095238
displace,0.002976190476190476
reignite,0.004464285714285714
blast,0.005952380952380952
suspicious,0.001488095238095238
alone,0.001488095238095238
overpower,0.002976190476190476
showcased,0.001488095238095238
specialize,0.002976190476190476
resentful,0.001488095238095238
grasp,0.002976190476190476
crowd,0.001488095238095238
muzzle,0.001488095238095238
broaden,0.002976190476190476
revert,0.002976190476190476
crystallize,0.001488095238095238
pierce,0.001488095238095238
envisage,0.002976190476190476
retrench,0.001488095238095238
hem,0.001488095238095238
weak,0.001488095238095238
spiral,0.001488095238095238
hesitant,0.002976190476190476
keen,0.004464285714285714
compensate,0.002976190476190476
vulnerable,0.001488095238095238
retrieve,0.001488095238095238
prophesy,0.002976190476190476
alight,0.001488095238095238
disillusion,0.001488095238095238
implant,0.001488095238095238
beloved,0.001488095238095238
unveil,0.00744047619047619
mouth,0.001488095238095238
dissipate,0.001488095238095238
boil,0.001488095238095238
conflate,0.001488095238095238
scale,0.004464285714285714
reappoint,0.001488095238095238
clean,0.004464285714285714
certain,0.004464285714285714
terrify,0.002976190476190476
wrack,0.001488095238095238
battle,0.004464285714285714
due,0.00744047619047619
reproduce,0.002976190476190476
commandeer,0.002976190476190476
disallow,0.004464285714285714
reclaim,0.005952380952380952
killed.by,0.001488095238095238
engender,0.004464285714285714
improperly,0.001488095238095238
rearrested,0.001488095238095238
lodge,0.004464285714285714
foot,0.001488095238095238
colour,0.001488095238095238
inquire,0.002976190476190476
meted,0.001488095238095238
beget,0.001488095238095238
band,0.002976190476190476
disparage,0.001488095238095238
adjust,0.001488095238095238
tout,0.002976190476190476
summarize,0.004464285714285714
stack,0.001488095238095238
evict,0.001488095238095238
brag,0.001488095238095238
whip,0.002976190476190476
capitalize,0.002976190476190476
gutted,0.002976190476190476
swell,0.001488095238095238
lynch,0.005952380952380952
codify,0.002976190476190476
illustrate,0.002976190476190476
snuff,0.001488095238095238
rebranded,0.001488095238095238
fray,0.002976190476190476
bank,0.001488095238095238
avail,0.001488095238095238
as,0.001488095238095238
relaunched,0.001488095238095238
sequester,0.001488095238095238
knock,0.004464285714285714
foreshadow,0.002976190476190476
sob,0.001488095238095238
spell,0.002976190476190476
relegate,0.004464285714285714
strangle,0.004464285714285714
venture,0.002976190476190476
tread,0.001488095238095238
blockade,0.00744047619047619
entreat,0.001488095238095238
deface,0.001488095238095238
encamp,0.001488095238095238
tailor,0.001488095238095238
disobey,0.001488095238095238
fabricate,0.004464285714285714
clothe,0.001488095238095238
inflame,0.002976190476190476
illegal,0.001488095238095238
poll,0.002976190476190476
cloud,0.002976190476190476
redirect,0.001488095238095238
overrule,0.002976190476190476
unclear,0.004464285714285714
defer,0.002976190476190476
loom,0.004464285714285714
"""according",0.001488095238095238
whisk,0.001488095238095238
blackmail,0.002976190476190476
dramatise,0.001488095238095238
administer,0.002976190476190476
enroll,0.001488095238095238
specialise,0.001488095238095238
during,0.001488095238095238
tweet,0.010416666666666666
grind,0.001488095238095238
garner,0.004464285714285714
condition,0.001488095238095238
trialed,0.002976190476190476
forcefully,0.001488095238095238
quarrel,0.002976190476190476
tender,0.005952380952380952
construe,0.001488095238095238
stuff,0.001488095238095238
disgust,0.002976190476190476
devolve,0.004464285714285714
invalid,0.001488095238095238
sharpen,0.001488095238095238
infringe,0.001488095238095238
lambast,0.004464285714285714
slump,0.004464285714285714
camp,0.002976190476190476
inhale,0.001488095238095238
ablaze,0.004464285714285714
wrap,0.004464285714285714
pain,0.002976190476190476
disown,0.004464285714285714
roam,0.002976190476190476
discount,0.001488095238095238
instantly,0.002976190476190476
partition,0.002976190476190476
stone,0.001488095238095238
carve,0.002976190476190476
cannibalize,0.001488095238095238
reinstituted,0.001488095238095238
degenerate,0.001488095238095238
discomforted,0.001488095238095238
bandage,0.001488095238095238
disorganise,0.001488095238095238
cool,0.004464285714285714
enrage,0.008928571428571428
install,0.001488095238095238
reconsider,0.001488095238095238
confuse,0.002976190476190476
entangle,0.001488095238095238
resonate,0.004464285714285714
arrested.<div,0.001488095238095238
dye,0.001488095238095238
pace,0.004464285714285714
circumvent,0.001488095238095238
stiflingly,0.001488095238095238
uninjured,0.001488095238095238
downsize,0.001488095238095238
salvage,0.001488095238095238
patent,0.002976190476190476
reenter,0.001488095238095238
irritate,0.001488095238095238
degrade,0.002976190476190476
intersect,0.001488095238095238
institutionalise,0.001488095238095238
simplify,0.001488095238095238
second,0.001488095238095238
publicise,0.004464285714285714
immigrate,0.004464285714285714
harness,0.001488095238095238
commonplace,0.001488095238095238
crawl,0.002976190476190476
exonerate,0.00744047619047619
censure,0.002976190476190476
rebuke,0.005952380952380952
light,0.005952380952380952
slap,0.002976190476190476
rampage,0.001488095238095238
hack,0.001488095238095238
underscore,0.001488095238095238
essential,0.001488095238095238
urgent,0.001488095238095238
waiver,0.001488095238095238
spraypainted,0.001488095238095238
flank,0.001488095238095238
rupture,0.001488095238095238
grieve,0.001488095238095238
repent,0.002976190476190476
swoop,0.001488095238095238
vandalise,0.002976190476190476
shorten,0.002976190476190476
char,0.002976190476190476
breed,0.002976190476190476
reassess,0.001488095238095238
loose,0.001488095238095238
earmark,0.001488095238095238
ascertain,0.001488095238095238
single,0.001488095238095238
parallel,0.001488095238095238
scuffle,0.002976190476190476
dispense,0.004464285714285714
recede,0.002976190476190476
dazzle,0.001488095238095238
jostle,0.001488095238095238
terrorize,0.001488095238095238
ignorant,0.001488095238095238
tackle,0.001488095238095238
into,0.001488095238095238
unload,0.001488095238095238
smite,0.001488095238095238
hitthem,0.001488095238095238
fulfill,0.001488095238095238
log,0.001488095238095238
balance,0.001488095238095238
renegotiate,0.001488095238095238
soften,0.001488095238095238
unlike,0.001488095238095238
reverberations,0.001488095238095238
embolden,0.001488095238095238
islamize,0.001488095238095238
shuttle,0.002976190476190476
err,0.001488095238095238
sicken,0.002976190476190476
obliterate,0.001488095238095238
dominant,0.002976190476190476
"imperialism""—in",0.001488095238095238
elbow,0.001488095238095238
pitch,0.001488095238095238
setback,0.001488095238095238
remake,0.001488095238095238
prominent,0.002976190476190476
thrust,0.001488095238095238
repaved,0.001488095238095238
pocket,0.001488095238095238
access,0.001488095238095238
insure,0.001488095238095238
unarm,0.001488095238095238
gloss,0.001488095238095238
impute,0.001488095238095238
spy,0.002976190476190476
intrigue,0.001488095238095238
flag,0.001488095238095238
miscalculate,0.002976190476190476
age,0.002976190476190476
delete,0.002976190476190476
laud,0.001488095238095238
jeopardize,0.002976190476190476
buttress,0.002976190476190476
garrison,0.004464285714285714
baptise,0.002976190476190476
stake,0.001488095238095238
magnify,0.001488095238095238
billow,0.001488095238095238
vilify,0.002976190476190476
decolonize,0.001488095238095238
lean,0.004464285714285714
reassumed,0.001488095238095238
reallocate,0.001488095238095238
toughen,0.001488095238095238
rack,0.001488095238095238
fracture,0.005952380952380952
unify,0.001488095238095238
reintroduce,0.001488095238095238
failure,0.001488095238095238
reliant,0.001488095238095238
fluctuate,0.001488095238095238
cold,0.001488095238095238
fortunate,0.001488095238095238
theorize,0.001488095238095238
emit,0.001488095238095238
amnesty,0.001488095238095238
gradually,0.001488095238095238
alongside,0.001488095238095238
incriminate,0.001488095238095238
disgrace,0.001488095238095238
override,0.001488095238095238
wiretapped,0.002976190476190476
indignant,0.001488095238095238
deplete,0.002976190476190476
drug,0.001488095238095238
kiss,0.002976190476190476
spat,0.001488095238095238
delegate,0.005952380952380952
resident,0.001488095238095238
adorn,0.002976190476190476
stray,0.004464285714285714
proliferate,0.001488095238095238
snow,0.002976190476190476
hearten,0.002976190476190476
obvious,0.001488095238095238
strategize,0.001488095238095238
disfigure,0.002976190476190476
attest,0.001488095238095238
summarise,0.001488095238095238
empty,0.002976190476190476
defame,0.001488095238095238
unpopular,0.001488095238095238
net,0.001488095238095238
uncomfortable,0.001488095238095238
section::::entering,0.001488095238095238
repress,0.002976190476190476
reunite,0.004464285714285714
stylise,0.001488095238095238
package,0.001488095238095238
attach,0.004464285714285714
recreate,0.001488095238095238
demoralize,0.002976190476190476
safe,0.001488095238095238
valid,0.001488095238095238
transmit,0.004464285714285714
dishonorably,0.001488095238095238
process,0.002976190476190476
categorically,0.001488095238095238
hypothesise,0.001488095238095238
scramble,0.001488095238095238
believd,0.001488095238095238
easening,0.001488095238095238
analyse,0.001488095238095238
pilot,0.001488095238095238
stagger,0.001488095238095238
adore,0.001488095238095238
remarry,0.002976190476190476
bail,0.004464285714285714
imbue,0.001488095238095238
distress,0.002976190476190476
reapply,0.001488095238095238
enchant,0.001488095238095238
ashamed,0.001488095238095238
wage,0.001488095238095238
haunt,0.001488095238095238
outvote,0.001488095238095238
instill,0.002976190476190476
electrify,0.001488095238095238
greatly,0.001488095238095238
collide,0.001488095238095238
undamaged,0.001488095238095238
counterbalance,0.001488095238095238
unblock,0.001488095238095238
smoke,0.001488095238095238
trickle,0.001488095238095238
wary,0.001488095238095238
resupplied,0.001488095238095238
ponder,0.001488095238095238
forestall,0.001488095238095238
faint,0.001488095238095238
wail,0.001488095238095238
independent,0.001488095238095238
impart,0.001488095238095238
filter,0.001488095238095238
accentuate,0.001488095238095238
emulate,0.001488095238095238
unidentified,0.001488095238095238
preclude,0.001488095238095238
prosper,0.001488095238095238
evaporate,0.001488095238095238
butcher,0.001488095238095238
rouse,0.002976190476190476
digest,0.001488095238095238
charm,0.001488095238095238
railroad,0.001488095238095238
prorogue,0.002976190476190476
officiate,0.002976190476190476
undo,0.002976190476190476
excommunicate,0.001488095238095238
worship,0.001488095238095238
contract,0.00744047619047619
slat,0.002976190476190476
bolt,0.001488095238095238
advertise,0.002976190476190476
gore,0.001488095238095238
misrepresent,0.001488095238095238
influential,0.004464285714285714
mature,0.004464285714285714
awash,0.001488095238095238
carbonise,0.001488095238095238
embalm,0.002976190476190476
evangelize,0.001488095238095238
marginalise,0.001488095238095238
disdainful,0.001488095238095238
stifle,0.001488095238095238
blare,0.001488095238095238
backfire,0.004464285714285714
traumatise,0.001488095238095238
manifestly,0.001488095238095238
demonise,0.001488095238095238
tense,0.001488095238095238
hone,0.001488095238095238
solemnise,0.001488095238095238
disdain,0.001488095238095238
inventoried,0.001488095238095238
suffocate,0.001488095238095238
stride,0.001488095238095238
general,0.001488095238095238
rectify,0.001488095238095238
d,0.001488095238095238
bestow,0.002976190476190476
counsel,0.001488095238095238
poison,0.001488095238095238
airlift,0.002976190476190476
manhandle,0.001488095238095238
rebroadcast,0.001488095238095238
off,0.001488095238095238
boo,0.001488095238095238
snub,0.001488095238095238
dump,0.001488095238095238
subscribe,0.001488095238095238
catalyze,0.001488095238095238
alternate,0.001488095238095238
telegraph,0.004464285714285714
amplify,0.001488095238095238
enumerate,0.001488095238095238
plaster,0.002976190476190476
din,0.001488095238095238
shell,0.001488095238095238
spear,0.001488095238095238
chock,0.001488095238095238
reconstruct,0.001488095238095238
redesign,0.001488095238095238
revamp,0.001488095238095238
league,0.001488095238095238
disbandment,0.001488095238095238
ostracize,0.001488095238095238
rewrite,0.001488095238095238
extradite,0.001488095238095238
slant,0.001488095238095238
insincere,0.001488095238095238
detour,0.001488095238095238
climax,0.001488095238095238
trample,0.001488095238095238
centralise,0.001488095238095238
rob,0.004464285714285714
induct,0.001488095238095238
tax,0.001488095238095238
restrain,0.001488095238095238
dismember,0.001488095238095238
riddle,0.001488095238095238
drape,0.001488095238095238
abstain,0.001488095238095238
pervade,0.001488095238095238
travail,0.001488095238095238
reemphasized,0.001488095238095238
purse,0.001488095238095238
download,0.001488095238095238
beset,0.001488095238095238
flourish,0.001488095238095238
blind,0.001488095238095238
section::::sentenced,0.001488095238095238
section::::removed,0.001488095238095238
overdose,0.001488095238095238
pride,0.001488095238095238
jockey,0.001488095238095238
extrapolate,0.001488095238095238
forewarn,0.001488095238095238
pulsate,0.001488095238095238
transition,0.001488095238095238
graze,0.001488095238095238
extract,0.001488095238095238
bayonet,0.001488095238095238
trail,0.001488095238095238
finalise,0.001488095238095238
quiet,0.001488095238095238
predispose,0.001488095238095238
tilt,0.001488095238095238
expropriate,0.002976190476190476
refit,0.001488095238095238
reuse,0.001488095238095238
rediscover,0.001488095238095238
despondent,0.001488095238095238
disburse,0.001488095238095238
accommodate,0.001488095238095238
manoeuvre,0.001488095238095238
sport,0.001488095238095238
suit,0.001488095238095238
blithely,0.001488095238095238
nettle,0.001488095238095238
peter,0.001488095238095238
indulge,0.001488095238095238
despatch,0.001488095238095238
pelt,0.001488095238095238
wad,0.001488095238095238
unpack,0.001488095238095238
disassociate,0.001488095238095238
relish,0.001488095238095238
mine,0.001488095238095238
prefigure,0.001488095238095238
glad,0.001488095238095238
churn,0.001488095238095238
embrionary,0.001488095238095238
twinkle,0.001488095238095238
memorialize,0.001488095238095238
endeavor,0.001488095238095238
presciently,0.001488095238095238
stretch,0.001488095238095238
agreement,0.001488095238095238
ordinate,0.001488095238095238
muse,0.001488095238095238
eulogize,0.001488095238095238
sterilize,0.001488095238095238
obstruct,0.001488095238095238
insert,0.001488095238095238
extinguish,0.001488095238095238
swirl,0.001488095238095238
black,0.001488095238095238
with,0.001488095238095238
section::::arrested,0.001488095238095238
unknown,0.001488095238095238
inaccessible,0.001488095238095238
jab,0.001488095238095238
intentionally,0.001488095238095238
ram,0.001488095238095238
contravene,0.001488095238095238
bounce,0.002976190476190476
tumble,0.002976190476190476
trim,0.002976190476190476
rebound,0.002976190476190476
narrow,0.001488095238095238
lash,0.001488095238095238
stump,0.001488095238095238
shepherd,0.001488095238095238
denunciation,0.001488095238095238
unchanged,0.001488095238095238
cap,0.001488095238095238
edge,0.001488095238095238
shun,0.001488095238095238
debut,0.001488095238095238
stabilise,0.001488095238095238
республик)—replaced,0.001488095238095238
materialize,0.001488095238095238
huddle,0.001488095238095238
:,0.001488095238095238
consume,0.001488095238095238
taste,0.001488095238095238
stalk,0.001488095238095238
suffice,0.001488095238095238
par,0.001488095238095238
disorganize,0.002976190476190476
stain,0.001488095238095238
pivot,0.001488095238095238
drain,0.001488095238095238
choreograph,0.001488095238095238
hound,0.001488095238095238
oppress,0.001488095238095238
segregate,0.001488095238095238
top,0.001488095238095238
denoucned,0.001488095238095238
man,0.001488095238095238
merit,0.001488095238095238
heat,0.001488095238095238
debouch,0.001488095238095238
dread,0.001488095238095238
fraternize,0.001488095238095238
radicalize,0.001488095238095238
mire,0.001488095238095238
stymie,0.001488095238095238
wire,0.001488095238095238
disenchant,0.001488095238095238
outmatch,0.001488095238095238
splendor,0.001488095238095238
fruition,0.001488095238095238
departure,0.001488095238095238
shy,0.001488095238095238
denigrate,0.001488095238095238
assimilate,0.001488095238095238
journey,0.001488095238095238
situate,0.001488095238095238
swerve,0.001488095238095238
surveillance,0.001488095238095238
siphon,0.001488095238095238
animate,0.001488095238095238
pacify,0.001488095238095238
bequeath,0.001488095238095238
labour,0.001488095238095238
canalize,0.001488095238095238
revel,0.001488095238095238
misquote,0.001488095238095238
away,0.001488095238095238
revitalize,0.001488095238095238
relative,0.001488095238095238
redouble,0.001488095238095238
narrate,0.001488095238095238
heikal,0.001488095238095238
furnish,0.001488095238095238
